epoch,train_loss,test_loss
0,0.2375878630889091,1.0588713447759106
1,0.06174614290192501,0.22111756859976014
2,0.03736504128000248,0.125965177289145
3,0.02686298160410639,0.17798564157146177
4,0.02056793868144565,0.1458805751197847
5,0.01635287904234202,0.125750194546903
6,0.013183553288104947,0.1565793364718082
7,0.007807535216657084,0.1686737105653734
8,0.007533443785870253,0.12972946678567085
9,0.007449233433855241,0.18411813333488194
