epoch,train_loss,test_loss
0,0.3830981178006638,0.4403065317755292
1,0.0966349144770043,0.23808769440385186
2,0.06794652089611618,0.27276980141355733
3,0.049182708031619025,0.1948319363176443
4,0.03892400505732117,0.24089819506095472
5,0.03330160501891616,0.1647577064028781
6,0.027384573530191296,0.33487030462759315
7,0.023432139356904573,0.13350449387387486
8,0.019740482762471825,0.22275459315556628
9,0.015861936304757972,0.18464884296012152
