epoch,train_loss,test_loss
0,0.8039633938466816,2.5048616463970985
1,0.34695120178846156,0.5184680400001016
2,0.30148644051127343,0.4352650085262432
3,0.28760952273729257,0.4946732231575972
4,0.274824641692613,0.4981077497552155
5,0.2649617117803806,0.3784688285012154
6,0.261324359582606,0.3861876821062367
7,0.2558173362705817,0.3757208097417643
8,0.25334170185077165,0.36551616734759823
9,0.2493779760465693,0.38111296884573187
