epoch,train_loss,test_loss
0,1.0364800954042976,1.0583405604787692
1,0.6082451018665646,0.921198188878928
2,0.5515209511716737,0.7083108823770171
3,0.5262093968482923,0.6565158720229082
4,0.5134707493568534,0.7145940462115464
5,0.5042155832052231,0.6150721376109275
6,0.4978609816479022,0.6360776331394341
7,0.4932085073261119,0.6470984529917407
8,0.489564473218501,0.6577431010972162
9,0.4858479952411865,0.7078937937499611
